{
    "name": "root",
    "gauges": {
        "PushBall.Policy.Entropy.mean": {
            "value": 1.9493753910064697,
            "min": 1.9341615438461304,
            "max": 2.095822334289551,
            "count": 4
        },
        "PushBall.Policy.Entropy.sum": {
            "value": 19493.75390625,
            "min": 19341.615234375,
            "max": 20958.22265625,
            "count": 4
        },
        "PushBall.Environment.EpisodeLength.mean": {
            "value": 0.0,
            "min": 0.0,
            "max": 0.0,
            "count": 4
        },
        "PushBall.Environment.EpisodeLength.sum": {
            "value": 0.0,
            "min": 0.0,
            "max": 0.0,
            "count": 4
        },
        "PushBall.Step.mean": {
            "value": 39999.0,
            "min": 9999.0,
            "max": 39999.0,
            "count": 4
        },
        "PushBall.Step.sum": {
            "value": 39999.0,
            "min": 9999.0,
            "max": 39999.0,
            "count": 4
        },
        "PushBall.Policy.ExtrinsicValueEstimate.mean": {
            "value": -0.0019625553395599127,
            "min": -0.002155421068891883,
            "max": 0.41210702061653137,
            "count": 4
        },
        "PushBall.Policy.ExtrinsicValueEstimate.sum": {
            "value": -19.625553131103516,
            "min": -21.554210662841797,
            "max": 4120.658203125,
            "count": 4
        },
        "PushBall.Environment.CumulativeReward.mean": {
            "value": -0.0017192745581269264,
            "min": -0.0017192745581269264,
            "max": -0.0017192745311624415,
            "count": 4
        },
        "PushBall.Environment.CumulativeReward.sum": {
            "value": -17.192745581269264,
            "min": -17.192745581269264,
            "max": -17.191026037093252,
            "count": 4
        },
        "PushBall.Policy.ExtrinsicReward.mean": {
            "value": -0.0017192745581269264,
            "min": -0.0017192745581269264,
            "max": -0.0017192745311624415,
            "count": 4
        },
        "PushBall.Policy.ExtrinsicReward.sum": {
            "value": -17.192745581269264,
            "min": -17.192745581269264,
            "max": -17.191026037093252,
            "count": 4
        },
        "PushBall.Losses.PolicyLoss.mean": {
            "value": 0.10134019902191842,
            "min": 0.0944597634255653,
            "max": 0.10134019902191842,
            "count": 4
        },
        "PushBall.Losses.PolicyLoss.sum": {
            "value": 0.5067009951095921,
            "min": 0.37888121597469154,
            "max": 0.5067009951095921,
            "count": 4
        },
        "PushBall.Losses.ValueLoss.mean": {
            "value": 1.10942786089178e-05,
            "min": 1.10942786089178e-05,
            "max": 0.04296395247396371,
            "count": 4
        },
        "PushBall.Losses.ValueLoss.sum": {
            "value": 5.5471393044589e-05,
            "min": 5.5471393044589e-05,
            "max": 0.17185580989585483,
            "count": 4
        },
        "PushBall.Policy.LearningRate.mean": {
            "value": 0.0003,
            "min": 0.0003,
            "max": 0.0003,
            "count": 4
        },
        "PushBall.Policy.LearningRate.sum": {
            "value": 0.0014999999999999998,
            "min": 0.0012,
            "max": 0.0014999999999999998,
            "count": 4
        },
        "PushBall.Policy.Epsilon.mean": {
            "value": 0.19999999999999998,
            "min": 0.19999999999999998,
            "max": 0.19999999999999998,
            "count": 4
        },
        "PushBall.Policy.Epsilon.sum": {
            "value": 0.9999999999999999,
            "min": 0.7999999999999999,
            "max": 0.9999999999999999,
            "count": 4
        },
        "PushBall.Policy.Beta.mean": {
            "value": 0.0005000000000000001,
            "min": 0.0005000000000000001,
            "max": 0.0005000000000000001,
            "count": 4
        },
        "PushBall.Policy.Beta.sum": {
            "value": 0.0025000000000000005,
            "min": 0.0020000000000000005,
            "max": 0.0025000000000000005,
            "count": 4
        },
        "PushBall.IsTraining.mean": {
            "value": 1.0,
            "min": 1.0,
            "max": 1.0,
            "count": 4
        },
        "PushBall.IsTraining.sum": {
            "value": 1.0,
            "min": 1.0,
            "max": 1.0,
            "count": 4
        }
    },
    "metadata": {
        "timer_format_version": "0.1.0",
        "start_time_seconds": "1750175132",
        "python_version": "3.9.22 (main, Apr  8 2025, 15:21:55) \n[Clang 16.0.0 (clang-1600.0.26.6)]",
        "command_line_arguments": "/Users/ilia/AdvancedTools/advanced-tools-venv/bin/mlagents-learn /Users/ilia/AdvancedTools/testConfig.yaml --run-id=pushball-v1.11",
        "mlagents_version": "0.30.0",
        "mlagents_envs_version": "0.30.0",
        "communication_protocol_version": "1.5.0",
        "pytorch_version": "1.11.0",
        "numpy_version": "1.21.2",
        "end_time_seconds": "1750175317"
    },
    "total": 184.872079875,
    "count": 1,
    "self": 0.0024279589999878226,
    "children": {
        "run_training.setup": {
            "total": 0.00921725000000001,
            "count": 1,
            "self": 0.00921725000000001
        },
        "TrainerController.start_learning": {
            "total": 184.860434666,
            "count": 1,
            "self": 0.2706045090009468,
            "children": {
                "TrainerController._reset_env": {
                    "total": 3.9429534159999995,
                    "count": 1,
                    "self": 3.9429534159999995
                },
                "TrainerController.advance": {
                    "total": 180.56960944999906,
                    "count": 49684,
                    "self": 0.24807375999972692,
                    "children": {
                        "env_step": {
                            "total": 163.32854512899922,
                            "count": 49684,
                            "self": 153.13558094200295,
                            "children": {
                                "SubprocessEnvManager._take_step": {
                                    "total": 10.023971171997648,
                                    "count": 49684,
                                    "self": 0.46747346799631195,
                                    "children": {
                                        "TorchPolicy.evaluate": {
                                            "total": 9.556497704001336,
                                            "count": 49684,
                                            "self": 9.556497704001336
                                        }
                                    }
                                },
                                "workers": {
                                    "total": 0.16899301499864183,
                                    "count": 49683,
                                    "self": 0.0,
                                    "children": {
                                        "worker_root": {
                                            "total": 119.98593268300016,
                                            "count": 49683,
                                            "is_parallel": true,
                                            "self": 38.351807057999125,
                                            "children": {
                                                "steps_from_proto": {
                                                    "total": 0.0006487079999999423,
                                                    "count": 1,
                                                    "is_parallel": true,
                                                    "self": 0.00038937500000013614,