{
    "name": "root",
    "gauges": {
        "PushBall.Policy.Entropy.mean": {
            "value": 1.4070322513580322,
            "min": 1.4070322513580322,
            "max": 1.4070322513580322,
            "count": 1
        },
        "PushBall.Policy.Entropy.sum": {
            "value": 14139.267578125,
            "min": 14139.267578125,
            "max": 14139.267578125,
            "count": 1
        },
        "PushBall.Environment.EpisodeLength.mean": {
            "value": 70.8913043478261,
            "min": 70.8913043478261,
            "max": 70.8913043478261,
            "count": 1
        },
        "PushBall.Environment.EpisodeLength.sum": {
            "value": 9783.0,
            "min": 9783.0,
            "max": 9783.0,
            "count": 1
        },
        "PushBall.Step.mean": {
            "value": 9985.0,
            "min": 9985.0,
            "max": 9985.0,
            "count": 1
        },
        "PushBall.Step.sum": {
            "value": 9985.0,
            "min": 9985.0,
            "max": 9985.0,
            "count": 1
        },
        "PushBall.Policy.ExtrinsicValueEstimate.mean": {
            "value": -0.31735870242118835,
            "min": -0.31735870242118835,
            "max": -0.31735870242118835,
            "count": 1
        },
        "PushBall.Policy.ExtrinsicValueEstimate.sum": {
            "value": -70.13627624511719,
            "min": -70.13627624511719,
            "max": -70.13627624511719,
            "count": 1
        },
        "PushBall.Environment.CumulativeReward.mean": {
            "value": -1.5658926256810841,
            "min": -1.5658926256810841,
            "max": -1.5658926256810841,
            "count": 1
        },
        "PushBall.Environment.CumulativeReward.sum": {
            "value": -216.0931823439896,
            "min": -216.0931823439896,
            "max": -216.0931823439896,
            "count": 1
        },
        "PushBall.Policy.ExtrinsicReward.mean": {
            "value": -1.5658926256810841,
            "min": -1.5658926256810841,
            "max": -1.5658926256810841,
            "count": 1
        },
        "PushBall.Policy.ExtrinsicReward.sum": {
            "value": -216.0931823439896,
            "min": -216.0931823439896,
            "max": -216.0931823439896,
            "count": 1
        },
        "PushBall.Losses.PolicyLoss.mean": {
            "value": 0.09802691884639594,
            "min": 0.09802691884639594,
            "max": 0.09802691884639594,
            "count": 1
        },
        "PushBall.Losses.PolicyLoss.sum": {
            "value": 0.3921076753855838,
            "min": 0.3921076753855838,
            "max": 0.3921076753855838,
            "count": 1
        },
        "PushBall.Losses.ValueLoss.mean": {
            "value": 0.24082715912178781,
            "min": 0.24082715912178781,
            "max": 0.24082715912178781,
            "count": 1
        },
        "PushBall.Losses.ValueLoss.sum": {
            "value": 0.9633086364871513,
            "min": 0.9633086364871513,
            "max": 0.9633086364871513,
            "count": 1
        },
        "PushBall.Policy.LearningRate.mean": {
            "value": 0.0003,
            "min": 0.0003,
            "max": 0.0003,
            "count": 1
        },
        "PushBall.Policy.LearningRate.sum": {
            "value": 0.0012,
            "min": 0.0012,
            "max": 0.0012,
            "count": 1
        },
        "PushBall.Policy.Epsilon.mean": {
            "value": 0.19999999999999998,
            "min": 0.19999999999999998,
            "max": 0.19999999999999998,
            "count": 1
        },
        "PushBall.Policy.Epsilon.sum": {
            "value": 0.7999999999999999,
            "min": 0.7999999999999999,
            "max": 0.7999999999999999,
            "count": 1
        },
        "PushBall.Policy.Beta.mean": {
            "value": 0.0005000000000000001,
            "min": 0.0005000000000000001,
            "max": 0.0005000000000000001,
            "count": 1
        },
        "PushBall.Policy.Beta.sum": {
            "value": 0.0020000000000000005,
            "min": 0.0020000000000000005,
            "max": 0.0020000000000000005,
            "count": 1
        },
        "PushBall.IsTraining.mean": {
            "value": 1.0,
            "min": 1.0,
            "max": 1.0,
            "count": 1
        },
        "PushBall.IsTraining.sum": {
            "value": 1.0,
            "min": 1.0,
            "max": 1.0,
            "count": 1
        }
    },
    "metadata": {
        "timer_format_version": "0.1.0",
        "start_time_seconds": "1750178648",
        "python_version": "3.9.22 (main, Apr  8 2025, 15:21:55) \n[Clang 16.0.0 (clang-1600.0.26.6)]",
        "command_line_arguments": "/Users/ilia/AdvancedTools/advanced-tools-venv/bin/mlagents-learn /Users/ilia/AdvancedTools/testConfig.yaml --run-id=pushball-v1.20",
        "mlagents_version": "0.30.0",
        "mlagents_envs_version": "0.30.0",
        "communication_protocol_version": "1.5.0",
        "pytorch_version": "1.11.0",
        "numpy_version": "1.21.2",
        "end_time_seconds": "1750178780"
    },
    "total": 132.0360585,
    "count": 1,
    "self": 0.00289137500001857,
    "children": {
        "run_training.setup": {
            "total": 0.009121832999999968,
            "count": 1,
            "self": 0.009121832999999968
        },
        "TrainerController.start_learning": {
            "total": 132.02404529199998,
            "count": 1,
            "self": 0.09395103999992216,
            "children": {
                "TrainerController._reset_env": {
                    "total": 4.051130292000001,
                    "count": 1,
                    "self": 4.051130292000001
                },
                "TrainerController.advance": {
                    "total": 127.80985521000002,
                    "count": 19017,
                    "self": 0.088594989000228,
                    "children": {
                        "env_step": {
                            "total": 125.6673207949997,
                            "count": 19017,
                            "self": 123.25495488499962,
                            "children": {
                                "SubprocessEnvManager._take_step": {
                                    "total": 2.345064371000312,
                                    "count": 19017,
                                    "self": 0.21045661800052073,
                                    "children": {
                                        "TorchPolicy.evaluate": {
                                            "total": 2.1346077529997913,
                                            "count": 19017,
                                            "self": 2.1346077529997913
                                        }
                                    }
                                },
                                "workers": {
                                    "total": 0.0673015389997591,
                                    "count": 19016,
                                    "self": 0.0,
                                    "children": {
                                        "worker_root": {
                                            "total": 33.288667604999986,
                                            "count": 19016,
                                            "is_parallel": true,
                                            "self": 8.518700120000084,
                                            "children": {
                                                "steps_from_proto": {
                                                    "total": 0.0008458330000005176,
                                                    "count": 1,
                                                    "is_parallel": true,
                                                    "self": 0.0004877500000013413,