{"count":1,"self":327.1371776,"total":6294.6650083999994,"children":{"InitializeActuators":{"count":16,"self":0.0009999,"total":0.0009999,"children":null},"InitializeSensors":{"count":16,"self":0.0010000999999999999,"total":0.0010000999999999999,"children":null},"AgentSendState":{"count":1250067,"self":22.932046399999997,"total":133.07214729999998,"children":{"CollectObservations":{"count":20001072,"self":20.9564368,"total":20.9564362,"children":null},"WriteActionMask":{"count":20001072,"self":4.9199072,"total":4.9199071,"children":null},"RequestDecision":{"count":20001072,"self":19.5571168,"total":84.2637578,"children":{"AgentInfo.ToProto":{"count":20001072,"self":19.9679072,"total":64.7066411,"children":{"GenerateSensorData":{"count":20001072,"self":44.738735999999996,"total":44.738734699999995,"children":null}}}}}}},"DecideAction":{"count":1250067,"self":5814.9552128,"total":5814.9552555,"children":null},"AgentAct":{"count":1250067,"self":19.445750399999998,"total":19.49842,"children":{"AgentInfo.ToProto":{"count":20000,"self":0.0125294,"total":0.052668799999999995,"children":{"GenerateSensorData":{"count":20000,"self":0.0401394,"total":0.0401394,"children":null}}}}}},"gauges":{"PushBall.CumulativeReward":{"count":20000,"max":-0.999918759,"min":-0.9999189,"runningAverage":-0.9999189,"value":-0.9999189,"weightedAverage":-0.9999188}},"metadata":{"timer_format_version":"0.1.0","start_time_seconds":"1764259252","unity_version":"2022.3.62f3","command_line_arguments":"C:\\Program Files\\Unity\\Hub\\Editor\\2022.3.62f3\\Editor\\Unity.exe -projectpath C:\\Users\\stena\\Coding\\AdvancedTools -acceptSoftwareTermsForThisRunOnly -useHub -hubIPC -cloudEnvironment production","communication_protocol_version":"1.5.0","com.unity.ml-agents_version":"3.0.0","scene_name":"BigRoom","end_time_seconds":"1764265546"}}