{"count":1,"self":1208.5352447999999,"total":8107.739094,"children":{"InitializeActuators":{"count":4,"self":0.000879,"total":0.000879,"children":null},"InitializeSensors":{"count":4,"self":0.00059899999999999992,"total":0.00059899999999999992,"children":null},"AgentSendState":{"count":2763601,"self":141.141504,"total":615.262254,"children":{"CollectObservations":{"count":11054404,"self":79.44224,"total":79.44224,"children":null},"WriteActionMask":{"count":11054404,"self":34.6020896,"total":34.602091,"children":null},"RequestDecision":{"count":11054404,"self":132.25962239999998,"total":360.076417,"children":{"AgentInfo.ToProto":{"count":11054404,"self":98.40340479999999,"total":227.81679499999998,"children":{"GenerateSensorData":{"count":11054404,"self":129.4133888,"total":129.413388,"children":null}}}}}}},"DecideAction":{"count":2763601,"self":6231.2562688,"total":6231.2561909999995,"children":null},"AgentAct":{"count":2763601,"self":52.3234912,"total":52.544419999999995,"children":{"AgentInfo.ToProto":{"count":9381,"self":0.097395,"total":0.22092799999999999,"children":{"GenerateSensorData":{"count":9381,"self":0.12353299999999999,"total":0.12353299999999999,"children":null}}}}},"AgentInfo.ToProto":{"count":5576,"self":0.063921999999999993,"total":0.139014,"children":{"GenerateSensorData":{"count":5576,"self":0.075091999999999992,"total":0.075091999999999992,"children":null}}}},"gauges":{"PushBall.CumulativeReward":{"count":14957,"max":3.404235,"min":-0.9999189,"runningAverage":0.966275632,"value":3.36523414,"weightedAverage":3.35921049}},"metadata":{"timer_format_version":"0.1.0","start_time_seconds":"1764427693","unity_version":"2022.3.62f3","command_line_arguments":"\/Applications\/Unity\/Hub\/Editor\/2022.3.62f3\/Unity.app\/Contents\/MacOS\/Unity -projectpath \/Users\/ilia\/AdvancedTools -acceptSoftwareTermsForThisRunOnly -useHub -hubIPC -cloudEnvironment production","communication_protocol_version":"1.5.0","com.unity.ml-agents_version":"3.0.0","scene_name":"BigRoom","end_time_seconds":"1764435800"}}