{"count":1,"self":15874.367488,"total":52172.57442,"children":{"InitializeActuators":{"count":4,"self":0.00074199999999999993,"total":0.00074199999999999993,"children":null},"InitializeSensors":{"count":4,"self":0.000663,"total":0.000663,"children":null},"AgentSendState":{"count":1196218,"self":59.3411712,"total":4250.2556079999995,"children":{"CollectObservations":{"count":4784872,"self":1073.4546943999999,"total":1073.454739,"children":null},"WriteActionMask":{"count":4784872,"self":1024.046592,"total":1024.046554,"children":null},"RequestDecision":{"count":4784872,"self":50.6861664,"total":2093.4131429999998,"children":{"AgentInfo.ToProto":{"count":4784872,"self":38.975129599999995,"total":2042.726978,"children":{"GenerateSensorData":{"count":4784872,"self":2003.751936,"total":2003.7518499999999,"children":null}}}}}}},"DecideAction":{"count":1196218,"self":31082.374758399998,"total":31082.375228999997,"children":null},"AgentAct":{"count":1196218,"self":965.40200959999993,"total":965.427876,"children":{"AgentInfo.ToProto":{"count":1264,"self":0.011947,"total":0.02589,"children":{"GenerateSensorData":{"count":1264,"self":0.013942999999999999,"total":0.013942999999999999,"children":null}}}}},"AgentInfo.ToProto":{"count":6276,"self":0.073268,"total":0.146801,"children":{"GenerateSensorData":{"count":6276,"self":0.073533,"total":0.073533,"children":null}}}},"gauges":{"PushBall.CumulativeReward":{"count":7540,"max":75.72834,"min":-16.4819813,"runningAverage":27.1980476,"value":35.09353,"weightedAverage":17.3978539}},"metadata":{"timer_format_version":"0.1.0","start_time_seconds":"1750782602","unity_version":"6000.0.47f1","command_line_arguments":"\/Applications\/Unity\/Hub\/Editor\/6000.0.47f1\/Unity.app\/Contents\/MacOS\/Unity -projectpath \/Users\/ilia\/AdvancedTools -useHub -hubIPC -cloudEnvironment production","communication_protocol_version":"1.5.0","com.unity.ml-agents_version":"3.0.0","scene_name":"SampleScene","end_time_seconds":"1750834775"}}