{"count":1,"self":172.27504639999998,"total":890.95622099999991,"children":{"InitializeActuators":{"count":4,"self":0.00072399999999999993,"total":0.00072399999999999993,"children":null},"InitializeSensors":{"count":4,"self":0.000625,"total":0.000625,"children":null},"AgentSendState":{"count":287601,"self":13.6526704,"total":54.70053,"children":{"CollectObservations":{"count":1150404,"self":6.8547984,"total":6.854798,"children":null},"WriteActionMask":{"count":1150404,"self":3.496498,"total":3.496498,"children":null},"RequestDecision":{"count":1150404,"self":11.6383928,"total":30.696562999999998,"children":{"AgentInfo.ToProto":{"count":1150404,"self":8.9927032,"total":19.05817,"children":{"GenerateSensorData":{"count":1150404,"self":10.065467199999999,"total":10.065467,"children":null}}}}}}},"DecideAction":{"count":287601,"self":658.6689024,"total":658.66888799999992,"children":null},"AgentAct":{"count":287601,"self":5.2299792,"total":5.234736,"children":{"AgentInfo.ToProto":{"count":268,"self":0.0022589999999999997,"total":0.004757,"children":{"GenerateSensorData":{"count":268,"self":0.002498,"total":0.002498,"children":null}}}}},"AgentInfo.ToProto":{"count":3393,"self":0.037308,"total":0.07543,"children":{"GenerateSensorData":{"count":3393,"self":0.038121999999999996,"total":0.038121999999999996,"children":null}}}},"gauges":{"PushBall.CumulativeReward":{"count":3661,"max":6.382481,"min":-9.41109,"runningAverage":4.655552,"value":4.57103157,"weightedAverage":4.71573448}},"metadata":{"timer_format_version":"0.1.0","start_time_seconds":"1750770607","unity_version":"6000.0.47f1","command_line_arguments":"\/Applications\/Unity\/Hub\/Editor\/6000.0.47f1\/Unity.app\/Contents\/MacOS\/Unity -projectpath \/Users\/ilia\/AdvancedTools -useHub -hubIPC -cloudEnvironment production","communication_protocol_version":"1.5.0","com.unity.ml-agents_version":"3.0.0","scene_name":"SampleScene","end_time_seconds":"1750771497"}}