{"count":1,"self":1571.2497664,"total":15288.035523999999,"children":{"InitializeActuators":{"count":8,"self":0.000833,"total":0.000833,"children":null},"InitializeSensors":{"count":8,"self":0.00059099999999999995,"total":0.00059099999999999995,"children":null},"AgentSendState":{"count":3290234,"self":357.8179328,"total":1597.829409,"children":{"CollectObservations":{"count":26321872,"self":206.7870208,"total":206.787025,"children":null},"WriteActionMask":{"count":26321872,"self":90.05301759999999,"total":90.053015,"children":null},"RequestDecision":{"count":26321872,"self":355.14378239999996,"total":943.171446,"children":{"AgentInfo.ToProto":{"count":26321872,"self":254.90659839999998,"total":588.027652,"children":{"GenerateSensorData":{"count":26321872,"self":333.1210496,"total":333.121062,"children":null}}}}}}},"DecideAction":{"count":3290234,"self":11996.980838399999,"total":11996.980796,"children":null},"AgentAct":{"count":3290234,"self":121.30853119999999,"total":121.97385,"children":{"AgentInfo.ToProto":{"count":26320,"self":0.292995,"total":0.665323,"children":{"GenerateSensorData":{"count":26320,"self":0.372328,"total":0.372328,"children":null}}}}}},"gauges":{"PushBall.CumulativeReward":{"count":26320,"max":-0.5998215,"min":-0.9998216,"runningAverage":-0.999656558,"value":-0.9998216,"weightedAverage":-0.999821544}},"metadata":{"timer_format_version":"0.1.0","start_time_seconds":"1764667220","unity_version":"2022.3.62f3","command_line_arguments":"\/Applications\/Unity\/Hub\/Editor\/2022.3.62f3\/Unity.app\/Contents\/MacOS\/Unity -projectpath \/Users\/ilia\/AdvancedTools -acceptSoftwareTermsForThisRunOnly -useHub -hubIPC -cloudEnvironment production","communication_protocol_version":"1.5.0","com.unity.ml-agents_version":"3.0.0","scene_name":"SmallRoom","end_time_seconds":"1764682508"}}