{"count":1,"self":67.7011904,"total":606.664862,"children":{"InitializeActuators":{"count":8,"self":0.00075999999999999993,"total":0.00075999999999999993,"children":null},"InitializeSensors":{"count":8,"self":0.00054099999999999992,"total":0.00054099999999999992,"children":null},"AgentSendState":{"count":129851,"self":13.7492816,"total":61.201453,"children":{"CollectObservations":{"count":1038808,"self":7.8957799999999994,"total":7.8957799999999994,"children":null},"WriteActionMask":{"count":1038808,"self":3.4014248,"total":3.4014249999999997,"children":null},"RequestDecision":{"count":1038808,"self":13.6182096,"total":36.154967,"children":{"AgentInfo.ToProto":{"count":1038808,"self":9.7478512,"total":22.536756999999998,"children":{"GenerateSensorData":{"count":1038808,"self":12.7889056,"total":12.788905999999999,"children":null}}}}}}},"DecideAction":{"count":129851,"self":472.9380352,"total":472.93800999999996,"children":null},"AgentAct":{"count":129851,"self":4.7705328,"total":4.790977,"children":{"AgentInfo.ToProto":{"count":796,"self":0.008995,"total":0.020444,"children":{"GenerateSensorData":{"count":796,"self":0.011448999999999999,"total":0.011448999999999999,"children":null}}}}},"AgentInfo.ToProto":{"count":1108,"self":0.014027,"total":0.031504,"children":{"GenerateSensorData":{"count":1108,"self":0.017477,"total":0.017477,"children":null}}}},"gauges":{"PushBall.CumulativeReward":{"count":1904,"max":3.25109959,"min":-0.9998216,"runningAverage":1.50307989,"value":3.24650812,"weightedAverage":3.243204}},"metadata":{"timer_format_version":"0.1.0","start_time_seconds":"1764688087","unity_version":"2022.3.62f3","command_line_arguments":"\/Applications\/Unity\/Hub\/Editor\/2022.3.62f3\/Unity.app\/Contents\/MacOS\/Unity -projectpath \/Users\/ilia\/AdvancedTools -acceptSoftwareTermsForThisRunOnly -useHub -hubIPC -cloudEnvironment production","communication_protocol_version":"1.5.0","com.unity.ml-agents_version":"3.0.0","scene_name":"SmallRoom","end_time_seconds":"1764688694"}}