{
    "name": "root",
    "gauges": {
        "PushBall.Policy.Entropy.mean": {
            "value": 2.031205177307129,
            "min": 2.031205177307129,
            "max": 2.031205177307129,
            "count": 1
        },
        "PushBall.Policy.Entropy.sum": {
            "value": 6026.58544921875,
            "min": 6026.58544921875,
            "max": 6026.58544921875,
            "count": 1
        },
        "PushBall.Environment.EpisodeLength.mean": {
            "value": 0.0,
            "min": 0.0,
            "max": 0.0,
            "count": 1
        },
        "PushBall.Environment.EpisodeLength.sum": {
            "value": 0.0,
            "min": 0.0,
            "max": 0.0,
            "count": 1
        },
        "PushBall.Step.mean": {
            "value": 29999.0,
            "min": 29999.0,
            "max": 29999.0,
            "count": 1
        },
        "PushBall.Step.sum": {
            "value": 29999.0,
            "min": 29999.0,
            "max": 29999.0,
            "count": 1
        },
        "PushBall.Policy.ExtrinsicValueEstimate.mean": {
            "value": -0.0009842803701758385,
            "min": -0.0009842803701758385,
            "max": -0.0009842803701758385,
            "count": 1
        },
        "PushBall.Policy.ExtrinsicValueEstimate.sum": {
            "value": -2.919375419616699,
            "min": -2.919375419616699,
            "max": -2.919375419616699,
            "count": 1
        },
        "PushBall.Environment.CumulativeReward.mean": {
            "value": -0.0010002692398349538,
            "min": -0.0010002692398349538,
            "max": -0.0010002692398349538,
            "count": 1
        },
        "PushBall.Environment.CumulativeReward.sum": {
            "value": -2.966798565350473,
            "min": -2.966798565350473,
            "max": -2.966798565350473,
            "count": 1
        },
        "PushBall.Policy.ExtrinsicReward.mean": {
            "value": -0.0010002692398349538,
            "min": -0.0010002692398349538,
            "max": -0.0010002692398349538,
            "count": 1
        },
        "PushBall.Policy.ExtrinsicReward.sum": {
            "value": -2.966798565350473,
            "min": -2.966798565350473,
            "max": -2.966798565350473,
            "count": 1
        },
        "PushBall.Losses.PolicyLoss.mean": {
            "value": 0.04039495758479461,
            "min": 0.04039495758479461,
            "max": 0.04039495758479461,
            "count": 1
        },
        "PushBall.Losses.PolicyLoss.sum": {
            "value": 0.04039495758479461,
            "min": 0.04039495758479461,
            "max": 0.04039495758479461,
            "count": 1
        },
        "PushBall.Losses.ValueLoss.mean": {
            "value": 4.1349523870045105e-08,
            "min": 4.1349523870045105e-08,
            "max": 4.1349523870045105e-08,
            "count": 1
        },
        "PushBall.Losses.ValueLoss.sum": {
            "value": 4.1349523870045105e-08,
            "min": 4.1349523870045105e-08,
            "max": 4.1349523870045105e-08,
            "count": 1
        },
        "PushBall.Policy.LearningRate.mean": {
            "value": 0.0003,
            "min": 0.0003,
            "max": 0.0003,
            "count": 1
        },
        "PushBall.Policy.LearningRate.sum": {
            "value": 0.0003,
            "min": 0.0003,
            "max": 0.0003,
            "count": 1
        },
        "PushBall.Policy.Epsilon.mean": {
            "value": 0.19999999999999998,
            "min": 0.19999999999999998,
            "max": 0.19999999999999998,
            "count": 1
        },
        "PushBall.Policy.Epsilon.sum": {
            "value": 0.19999999999999998,
            "min": 0.19999999999999998,
            "max": 0.19999999999999998,
            "count": 1
        },
        "PushBall.Policy.Beta.mean": {
            "value": 0.0005000000000000001,
            "min": 0.0005000000000000001,
            "max": 0.0005000000000000001,
            "count": 1
        },
        "PushBall.Policy.Beta.sum": {
            "value": 0.0005000000000000001,
            "min": 0.0005000000000000001,
            "max": 0.0005000000000000001,
            "count": 1
        },
        "PushBall.IsTraining.mean": {
            "value": 1.0,
            "min": 1.0,
            "max": 1.0,
            "count": 1
        },
        "PushBall.IsTraining.sum": {
            "value": 1.0,
            "min": 1.0,
            "max": 1.0,
            "count": 1
        }
    },
    "metadata": {
        "timer_format_version": "0.1.0",
        "start_time_seconds": "1750178101",
        "python_version": "3.9.22 (main, Apr  8 2025, 15:21:55) \n[Clang 16.0.0 (clang-1600.0.26.6)]",
        "command_line_arguments": "/Users/ilia/AdvancedTools/advanced-tools-venv/bin/mlagents-learn /Users/ilia/AdvancedTools/testConfig.yaml --run-id=pushball-v1.18 --resume",
        "mlagents_version": "0.30.0",
        "mlagents_envs_version": "0.30.0",
        "communication_protocol_version": "1.5.0",
        "pytorch_version": "1.11.0",
        "numpy_version": "1.21.2",
        "end_time_seconds": "1750178193"
    },
    "total": 92.342644833,
    "count": 1,
    "self": 0.00251979099999744,
    "children": {
        "run_training.setup": {
            "total": 0.009922374999999983,
            "count": 1,
            "self": 0.009922374999999983
        },
        "TrainerController.start_learning": {
            "total": 92.330202667,
            "count": 1,
            "self": 0.05311288399997238,
            "children": {
                "TrainerController._reset_env": {
                    "total": 4.836738458,
                    "count": 1,
                    "self": 4.836738458
                },
                "TrainerController.advance": {
                    "total": 87.36911420000003,
                    "count": 9684,
                    "self": 0.047790590000190036,
                    "children": {
                        "env_step": {
                            "total": 84.19788499599984,
                            "count": 9684,
                            "self": 82.29307663899984,
                            "children": {
                                "SubprocessEnvManager._take_step": {
                                    "total": 1.8719820790000812,
                                    "count": 9684,
                                    "self": 0.08926292500016597,
                                    "children": {
                                        "TorchPolicy.evaluate": {
                                            "total": 1.7827191539999152,
                                            "count": 9684,
                                            "self": 1.7827191539999152
                                        }
                                    }
                                },
                                "workers": {
                                    "total": 0.03282627799992266,
                                    "count": 9683,
                                    "self": 0.0,
                                    "children": {
                                        "worker_root": {
                                            "total": 26.805319852000068,
                                            "count": 9683,
                                            "is_parallel": true,
                                            "self": 7.220996166999996,
                                            "children": {
                                                "steps_from_proto": {
                                                    "total": 0.0007534160000002288,
                                                    "count": 1,
                                                    "is_parallel": true,
                                                    "self": 0.0004190829999997092,