{
    "name": "root",
    "metadata": {
        "timer_format_version": "0.1.0",
        "start_time_seconds": "1750176938",
        "python_version": "3.9.22 (main, Apr  8 2025, 15:21:55) \n[Clang 16.0.0 (clang-1600.0.26.6)]",
        "command_line_arguments": "/Users/ilia/AdvancedTools/advanced-tools-venv/bin/mlagents-learn /Users/ilia/AdvancedTools/testConfig.yaml --run-id=pushball-v1.17 --resume",
        "mlagents_version": "0.30.0",
        "mlagents_envs_version": "0.30.0",
        "communication_protocol_version": "1.5.0",
        "pytorch_version": "1.11.0",
        "numpy_version": "1.21.2",
        "end_time_seconds": "1750176984"
    },
    "total": 45.802917582999996,
    "count": 1,
    "self": 10.002532249999994,
    "children": {
        "run_training.setup": {
            "total": 0.00946745800000004,
            "count": 1,
            "self": 0.00946745800000004
        },
        "TrainerController.start_learning": {
            "total": 35.790917875,
            "count": 1,
            "self": 0.036029039999931456,
            "children": {
                "TrainerController._reset_env": {
                    "total": 3.475094125,
                    "count": 1,
                    "self": 3.475094125
                },
                "TrainerController.advance": {
                    "total": 32.238222876000066,
                    "count": 6317,
                    "self": 0.0318334580000581,
                    "children": {
                        "env_step": {
                            "total": 30.004584840000202,
                            "count": 6317,
                            "self": 28.660063670000273,
                            "children": {
                                "SubprocessEnvManager._take_step": {
                                    "total": 1.3224415179999842,
                                    "count": 6318,
                                    "self": 0.06239791400007144,
                                    "children": {
                                        "TorchPolicy.evaluate": {
                                            "total": 1.2600436039999128,
                                            "count": 6318,
                                            "self": 1.2600436039999128
                                        }
                                    }
                                },
                                "workers": {
                                    "total": 0.02207965199994355,
                                    "count": 6316,
                                    "self": 0.0,
                                    "children": {
                                        "worker_root": {
                                            "total": 16.288352575,
                                            "count": 6316,
                                            "is_parallel": true,
                                            "self": 5.046852239999922,
                                            "children": {
                                                "steps_from_proto": {
                                                    "total": 0.0014839580000005625,
                                                    "count": 2,
                                                    "is_parallel": true,
                                                    "self": 0.0008192060000000723,
                                                    "children": {
                                                        "_process_rank_one_or_two_observation": {
                                                            "total": 0.0006647520000004903,
                                                            "count": 4,
                                                            "is_parallel": true,
                                                            "self": 0.0006647520000004903
                                                        }
                                                    }
                                                },
                                                "UnityEnvironment.step": {
                                                    "total": 11.240016377000078,
                                                    "count": 6316,
                                                    "is_parallel": true,
                                                    "self": 0.1000946679999668,
                                                    "children": {
                                                        "UnityEnvironment._generate_step_input": {
                                                            "total": 0.24983398399998435,
                                                            "count": 6316,
                                                            "is_parallel": true,
                                                            "self": 0.24983398399998435
                                                        },
                                                        "communicator.exchange": {
                                                            "total": 10.432729109000151,
                                                            "count": 6316,
                                                            "is_parallel": true,
                                                            "self": 10.432729109000151
                                                        },
                                                        "steps_from_proto": {
                                                            "total": 0.4573586159999756,
                                                            "count": 6316,
                                                            "is_parallel": true,
                                                            "self": 0.2862368170000207,
                                                            "children": {
                                                                "_process_rank_one_or_two_observation": {
                                                                    "total": 0.17112179899995494,
                                                                    "count": 12632,
                                                                    "is_parallel": true,
                                                                    "self": 0.17112179899995494
                                                                }
                                                            }
                                                        }
                                                    }
                                                }
                                            }
                                        }
                                    }
                                }
                            }
                        },
                        "trainer_advance": {
                            "total": 2.2018045779998077,
                            "count": 6316,
                            "self": 0.03145415200004553,
                            "children": {
                                "process_trajectory": {
                                    "total": 1.589242051999761,
                                    "count": 6316,
                                    "self": 1.589242051999761
                                },
                                "_update_policy": {
                                    "total": 0.5811083740000011,
                                    "count": 3,
                                    "self": 0.30782265500002737,
                                    "children": {
                                        "TorchPPOOptimizer.update": {
                                            "total": 0.2732857189999738,
                                            "count": 288,