{
    "name": "root",
    "gauges": {
        "PushBall.Policy.Entropy.mean": {
            "value": 2.08988094329834,
            "min": 2.0660128593444824,
            "max": 2.1038076877593994,
            "count": 5
        },
        "PushBall.Policy.Entropy.sum": {
            "value": 20898.810546875,
            "min": 20660.12890625,
            "max": 21038.076171875,
            "count": 5
        },
        "PushBall.Environment.EpisodeLength.mean": {
            "value": 0.0,
            "min": 0.0,
            "max": 0.0,
            "count": 5
        },
        "PushBall.Environment.EpisodeLength.sum": {
            "value": 0.0,
            "min": 0.0,
            "max": 0.0,
            "count": 5
        },
        "PushBall.Step.mean": {
            "value": 49999.0,
            "min": 9999.0,
            "max": 49999.0,
            "count": 5
        },
        "PushBall.Step.sum": {
            "value": 49999.0,
            "min": 9999.0,
            "max": 49999.0,
            "count": 5
        },
        "PushBall.Policy.ExtrinsicValueEstimate.mean": {
            "value": -0.0006282217218540609,
            "min": -0.20381039381027222,
            "max": -0.0006282217218540609,
            "count": 5
        },
        "PushBall.Policy.ExtrinsicValueEstimate.sum": {
            "value": -6.282217502593994,
            "min": -2037.900146484375,
            "max": -6.282217502593994,
            "count": 5
        },
        "PushBall.Environment.CumulativeReward.mean": {
            "value": -0.0010000169249251485,
            "min": -0.0010000518962333445,
            "max": -0.0009999269042280502,
            "count": 5
        },
        "PushBall.Environment.CumulativeReward.sum": {
            "value": -10.000169249251485,
            "min": -10.000518962333445,
            "max": -9.99923728237627,
            "count": 5
        },
        "PushBall.Policy.ExtrinsicReward.mean": {
            "value": -0.0010000169249251485,
            "min": -0.0010000518962333445,
            "max": -0.0009999269042280502,
            "count": 5
        },
        "PushBall.Policy.ExtrinsicReward.sum": {
            "value": -10.000169249251485,
            "min": -10.000518962333445,
            "max": -9.99923728237627,
            "count": 5
        },
        "PushBall.Losses.PolicyLoss.mean": {
            "value": 0.10170951773470734,
            "min": 0.09369050223188727,
            "max": 0.10556532461744912,
            "count": 5
        },
        "PushBall.Losses.PolicyLoss.sum": {
            "value": 0.5085475886735367,
            "min": 0.40546916221804474,
            "max": 0.5278266230872456,
            "count": 5
        },
        "PushBall.Losses.ValueLoss.mean": {
            "value": 4.169202084843467e-06,
            "min": 4.169202084843467e-06,
            "max": 0.008640260799125462,
            "count": 5
        },
        "PushBall.Losses.ValueLoss.sum": {
            "value": 2.0846010424217336e-05,
            "min": 2.0846010424217336e-05,
            "max": 0.03456104319650185,
            "count": 5
        },
        "PushBall.Policy.LearningRate.mean": {
            "value": 0.0003,
            "min": 0.0003,
            "max": 0.0003,
            "count": 5
        },
        "PushBall.Policy.LearningRate.sum": {
            "value": 0.0014999999999999998,
            "min": 0.0012,
            "max": 0.0014999999999999998,
            "count": 5
        },
        "PushBall.Policy.Epsilon.mean": {
            "value": 0.19999999999999998,
            "min": 0.19999999999999998,
            "max": 0.19999999999999998,
            "count": 5
        },
        "PushBall.Policy.Epsilon.sum": {
            "value": 0.9999999999999999,
            "min": 0.7999999999999999,
            "max": 0.9999999999999999,
            "count": 5
        },
        "PushBall.Policy.Beta.mean": {
            "value": 0.0005000000000000001,
            "min": 0.0005000000000000001,
            "max": 0.0005000000000000001,
            "count": 5
        },
        "PushBall.Policy.Beta.sum": {
            "value": 0.0025000000000000005,
            "min": 0.0020000000000000005,
            "max": 0.0025000000000000005,
            "count": 5
        },
        "PushBall.IsTraining.mean": {
            "value": 1.0,
            "min": 1.0,
            "max": 1.0,
            "count": 5
        },
        "PushBall.IsTraining.sum": {
            "value": 1.0,
            "min": 1.0,
            "max": 1.0,
            "count": 5
        }
    },
    "metadata": {
        "timer_format_version": "0.1.0",
        "start_time_seconds": "1750175591",
        "python_version": "3.9.22 (main, Apr  8 2025, 15:21:55) \n[Clang 16.0.0 (clang-1600.0.26.6)]",
        "command_line_arguments": "/Users/ilia/AdvancedTools/advanced-tools-venv/bin/mlagents-learn /Users/ilia/AdvancedTools/testConfig.yaml --run-id=pushball-v1.13",
        "mlagents_version": "0.30.0",
        "mlagents_envs_version": "0.30.0",
        "communication_protocol_version": "1.5.0",
        "pytorch_version": "1.11.0",
        "numpy_version": "1.21.2",
        "end_time_seconds": "1750175787"
    },
    "total": 195.463465042,
    "count": 1,
    "self": 0.002100625999986505,
    "children": {
        "run_training.setup": {
            "total": 0.00906174999999998,
            "count": 1,
            "self": 0.00906174999999998
        },
        "TrainerController.start_learning": {
            "total": 195.452302666,
            "count": 1,
            "self": 0.30324233899975184,
            "children": {
                "TrainerController._reset_env": {
                    "total": 2.6915904580000003,
                    "count": 1,
                    "self": 2.6915904580000003
                },
                "TrainerController.advance": {
                    "total": 192.37915836900024,
                    "count": 54401,
                    "self": 0.28110252300103866,
                    "children": {
                        "env_step": {
                            "total": 173.30550889700055,
                            "count": 54401,
                            "self": 162.06772956099863,
                            "children": {
                                "SubprocessEnvManager._take_step": {
                                    "total": 11.049673603000624,
                                    "count": 54401,
                                    "self": 0.5279029620012938,
                                    "children": {
                                        "TorchPolicy.evaluate": {
                                            "total": 10.52177064099933,
                                            "count": 54401,
                                            "self": 10.52177064099933
                                        }
                                    }
                                },
                                "workers": {
                                    "total": 0.18810573300129008,
                                    "count": 54400,
                                    "self": 0.0,
                                    "children": {
                                        "worker_root": {
                                            "total": 131.72956039699923,
                                            "count": 54400,
                                            "is_parallel": true,
                                            "self": 42.48604285499954,
                                            "children": {
                                                "steps_from_proto": {
                                                    "total": 0.0008142499999999053,
                                                    "count": 1,
                                                    "is_parallel": true,
                                                    "self": 0.000426040999999433,