{
    "name": "root",
    "gauges": {
        "PushBall.Policy.Entropy.mean": {
            "value": 2.042632818222046,
            "min": 2.042632818222046,
            "max": 2.1051106452941895,
            "count": 2
        },
        "PushBall.Policy.Entropy.sum": {
            "value": 20407.9453125,
            "min": 20407.9453125,
            "max": 21152.15234375,
            "count": 2
        },
        "PushBall.Step.mean": {
            "value": 19936.0,
            "min": 9984.0,
            "max": 19936.0,
            "count": 2
        },
        "PushBall.Step.sum": {
            "value": 19936.0,
            "min": 9984.0,
            "max": 19936.0,
            "count": 2
        },
        "PushBall.Policy.ExtrinsicValueEstimate.mean": {
            "value": 0.6494871377944946,
            "min": 0.6494871377944946,
            "max": 1.1892839670181274,
            "count": 2
        },
        "PushBall.Policy.ExtrinsicValueEstimate.sum": {
            "value": 103.9179458618164,
            "min": 103.9179458618164,
            "max": 192.66400146484375,
            "count": 2
        },
        "PushBall.Environment.EpisodeLength.mean": {
            "value": 799.0,
            "min": 799.0,
            "max": 799.0,
            "count": 2
        },
        "PushBall.Environment.EpisodeLength.sum": {
            "value": 7191.0,
            "min": 7191.0,
            "max": 9588.0,
            "count": 2
        },
        "PushBall.Environment.CumulativeReward.mean": {
            "value": 1.0913936421275139e-11,
            "min": 1.0913936421275139e-11,
            "max": 1.4053990222843519e-05,
            "count": 2
        },
        "PushBall.Environment.CumulativeReward.sum": {
            "value": 9.822542779147625e-11,
            "min": 9.822542779147625e-11,
            "max": 0.00016864788267412223,
            "count": 2
        },
        "PushBall.Policy.ExtrinsicReward.mean": {
            "value": 1.0913936421275139e-11,
            "min": 1.0913936421275139e-11,
            "max": 1.4053990222843519e-05,
            "count": 2
        },
        "PushBall.Policy.ExtrinsicReward.sum": {
            "value": 9.822542779147625e-11,
            "min": 9.822542779147625e-11,
            "max": 0.00016864788267412223,
            "count": 2
        },
        "PushBall.Losses.PolicyLoss.mean": {
            "value": 0.09912798841952199,
            "min": 0.09566258760569878,
            "max": 0.09912798841952199,
            "count": 2
        },
        "PushBall.Losses.PolicyLoss.sum": {
            "value": 0.4956399420976099,
            "min": 0.3826503504227951,
            "max": 0.4956399420976099,
            "count": 2
        },
        "PushBall.Losses.ValueLoss.mean": {
            "value": 0.001423135404437551,
            "min": 0.001423135404437551,
            "max": 0.00436496383074634,
            "count": 2
        },
        "PushBall.Losses.ValueLoss.sum": {
            "value": 0.007115677022187755,
            "min": 0.007115677022187755,
            "max": 0.01745985532298536,
            "count": 2
        },
        "PushBall.Policy.LearningRate.mean": {
            "value": 0.00030000000000000003,
            "min": 0.00030000000000000003,
            "max": 0.00030000000000000003,
            "count": 2
        },
        "PushBall.Policy.LearningRate.sum": {
            "value": 0.0015,
            "min": 0.0012000000000000001,
            "max": 0.0015,
            "count": 2
        },
        "PushBall.Policy.Epsilon.mean": {
            "value": 0.19999999999999998,
            "min": 0.19999999999999998,
            "max": 0.19999999999999998,
            "count": 2
        },
        "PushBall.Policy.Epsilon.sum": {
            "value": 0.9999999999999999,
            "min": 0.7999999999999999,
            "max": 0.9999999999999999,
            "count": 2
        },
        "PushBall.Policy.Beta.mean": {
            "value": 0.0005000000000000001,
            "min": 0.0005000000000000001,
            "max": 0.0005000000000000001,
            "count": 2
        },
        "PushBall.Policy.Beta.sum": {
            "value": 0.0025000000000000005,
            "min": 0.0020000000000000005,
            "max": 0.0025000000000000005,
            "count": 2
        },
        "PushBall.IsTraining.mean": {
            "value": 1.0,
            "min": 1.0,
            "max": 1.0,
            "count": 2
        },
        "PushBall.IsTraining.sum": {
            "value": 1.0,
            "min": 1.0,
            "max": 1.0,
            "count": 2
        }
    },
    "metadata": {
        "timer_format_version": "0.1.0",
        "start_time_seconds": "1750175417",
        "python_version": "3.9.22 (main, Apr  8 2025, 15:21:55) \n[Clang 16.0.0 (clang-1600.0.26.6)]",
        "command_line_arguments": "/Users/ilia/AdvancedTools/advanced-tools-venv/bin/mlagents-learn /Users/ilia/AdvancedTools/testConfig.yaml --run-id=pushball-v1.12",
        "mlagents_version": "0.30.0",
        "mlagents_envs_version": "0.30.0",
        "communication_protocol_version": "1.5.0",
        "pytorch_version": "1.11.0",
        "numpy_version": "1.21.2",
        "end_time_seconds": "1750175505"
    },
    "total": 88.84538275,
    "count": 1,
    "self": 10.002142000000006,
    "children": {
        "run_training.setup": {
            "total": 0.010006125000000032,
            "count": 1,
            "self": 0.010006125000000032
        },
        "TrainerController.start_learning": {
            "total": 78.83323462499999,
            "count": 1,
            "self": 0.1223895939998414,
            "children": {
                "TrainerController._reset_env": {
                    "total": 4.3877433749999994,
                    "count": 1,
                    "self": 4.3877433749999994
                },
                "TrainerController.advance": {
                    "total": 74.28354282300015,
                    "count": 27250,
                    "self": 0.1245757340010698,
                    "children": {
                        "env_step": {
                            "total": 70.96118982199944,
                            "count": 27250,
                            "self": 65.28538193200077,
                            "children": {
                                "SubprocessEnvManager._take_step": {
                                    "total": 5.586749232999243,
                                    "count": 27251,
                                    "self": 0.2625192139994832,
                                    "children": {
                                        "TorchPolicy.evaluate": {
                                            "total": 5.32423001899976,
                                            "count": 27251,
                                            "self": 5.32423001899976
                                        }
                                    }
                                },
                                "workers": {
                                    "total": 0.08905865699942517,
                                    "count": 27249,
                                    "self": 0.0,
                                    "children": {
                                        "worker_root": {
                                            "total": 49.047064376000584,
                                            "count": 27249,
                                            "is_parallel": true,
                                            "self": 14.527084993000429,
                                            "children": {
                                                "steps_from_proto": {
                                                    "total": 0.0016246670000015229,
                                                    "count": 2,
                                                    "is_parallel": true,